min_support,min_confidence,min_lift,rule_count,max_lift,avg_lift
0.005,0.1,1.0,281,21.689815,4.442453
0.01,0.1,1.0,36,4.156048,2.571423
0.02,0.1,1.0,6,2.906328,2.166354
